2025-04-05 21:16:55,pressed key I understand,
2025-04-05 21:16:55,Loaded image,/content/TheEndlessTuning/ET_Pneumonia_1080px/case_studies/0/585.jpg
2025-04-05 21:17:07,Proceeding to next page...,
2025-04-05 21:17:11,temporary_notes_3,
2025-04-05 21:17:11,First impression: No_Pneumonia,
2025-04-05 21:17:11,Saved their impression at page 3,
2025-04-05 21:17:16,Beginning new session,
2025-04-05 21:17:18,Loaded image,/content/TheEndlessTuning/ET_Pneumonia_1080px/case_studies/0/585.jpg
2025-04-05 21:17:20,Proceeding to next page...,
2025-04-05 21:17:30,Saved their impression at page 3,
2025-04-05 21:17:34,Beginning new session,
2025-04-05 21:17:34,Loaded image,/content/TheEndlessTuning/ET_Pneumonia_1080px/case_studies/0/585.jpg
2025-04-05 21:17:36,Proceeding to next page...,
2025-04-05 21:17:43,Saved their impression at page 3,
2025-04-05 21:17:46,Model parameters have been tuned.,
